id_sucursal,anio,mes,venta
1,2015,1,56964.6
2,2015,1,165316.14
3,2015,1,19483.0
4,2015,1,99510.0
5,2015,1,215.0
6,2015,1,43339.68
7,2015,1,128979.36
8,2015,1,11329.0
9,2015,1,142992.12
10,2015,1,66170.34
11,2015,1,22269.8
12,2015,1,62555.7
13,2015,1,59650.8
14,2015,1,62293.3
15,2015,1,102784.54
16,2015,1,110092.52
17,2015,1,78851.78
18,2015,1,31561.0
19,2015,1,6362.0
20,2015,1,79647.96
21,2015,1,40418.06
22,2015,1,21267.4
23,2015,1,30620.46
24,2015,1,162974.18
25,2015,1,89459.96
26,2015,1,83069.6
27,2015,1,79083.26
29,2015,1,14404.4
30,2015,1,41290.92
31,2015,1,39892.56
1,2015,2,129961.02
2,2015,2,15107.0
3,2015,2,30020.68
4,2015,2,140605.28
5,2015,2,50130.28
6,2015,2,21204.38
7,2015,2,239188.94
8,2015,2,62246.34
9,2015,2,22154.4
10,2015,2,80336.16
11,2015,2,19423.66
12,2015,2,47505.16
13,2015,2,80842.62
14,2015,2,24282.2
15,2015,2,28991.2
16,2015,2,166892.42
17,2015,2,47624.44
18,2015,2,132750.38
19,2015,2,1541.0
20,2015,2,36940.72
21,2015,2,46086.28
22,2015,2,26245.92
23,2015,2,124362.48
24,2015,2,68036.96
25,2015,2,152581.0
26,2015,2,229031.2
27,2015,2,142899.98
29,2015,2,17341.58
30,2015,2,37450.32
31,2015,2,15072.24
1,2015,3,65105.98
2,2015,3,41243.34
3,2015,3,25323.36
4,2015,3,60473.92
5,2015,3,48697.0
6,2015,3,28950.86
7,2015,3,389051.14
8,2015,3,70465.5
9,2015,3,11835.72
10,2015,3,170509.58
11,2015,3,76278.68
12,2015,3,41257.28
13,2015,3,37480.18
14,2015,3,42163.36
15,2015,3,39081.92
16,2015,3,84333.8
17,2015,3,49155.84
18,2015,3,27701.48
19,2015,3,6153.0
20,2015,3,45452.12
21,2015,3,108001.28
22,2015,3,10061.12
23,2015,3,177138.24
24,2015,3,44251.6
25,2015,3,103548.0
26,2015,3,34101.02
27,2015,3,29449.8
29,2015,3,23931.9
30,2015,3,6251.8
31,2015,3,27371.5
1,2015,4,69723.0
2,2015,4,76782.5
3,2015,4,11093.76
4,2015,4,32264.0
5,2015,4,20550.56
6,2015,4,42278.16
7,2015,4,49486.92
8,2015,4,90422.64
9,2015,4,75897.02
10,2015,4,7628.86
11,2015,4,36830.86
12,2015,4,34197.0
13,2015,4,23408.66
14,2015,4,30950.52
15,2015,4,50808.04
16,2015,4,35271.0
17,2015,4,43889.26
18,2015,4,45487.26
19,2015,4,774.0
20,2015,4,27715.84
21,2015,4,73989.38
22,2015,4,77554.24
23,2015,4,78703.74
24,2015,4,205597.76
25,2015,4,36985.02
26,2015,4,137594.26
27,2015,4,59129.96
29,2015,4,18746.7
30,2015,4,9668.8
31,2015,4,39684.24
1,2015,5,45078.12
2,2015,5,42413.8
3,2015,5,3652.0
4,2015,5,89148.72
5,2015,5,33342.5
6,2015,5,67402.18
7,2015,5,115096.26
8,2015,5,71093.0
9,2015,5,33530.46
10,2015,5,38807.4
11,2015,5,61745.16
12,2015,5,32527.16
13,2015,5,27109.0
14,2015,5,16897.76
15,2015,5,51548.62
16,2015,5,71506.0
17,2015,5,82146.92
18,2015,5,25744.0
19,2015,5,26429.0
20,2015,5,34049.76
21,2015,5,187068.04
22,2015,5,21704.72
23,2015,5,155576.94
24,2015,5,103698.08
25,2015,5,46495.6
26,2015,5,38852.0
27,2015,5,46449.16
29,2015,5,37931.5
30,2015,5,64638.06
31,2015,5,55264.04
1,2015,6,107424.84
2,2015,6,96567.37
3,2015,6,22963.28
4,2015,6,8675.2
5,2015,6,32041.1
6,2015,6,20095.28
7,2015,6,98647.3
8,2015,6,51690.94
9,2015,6,19785.26
10,2015,6,35301.24
11,2015,6,158843.62
12,2015,6,11326.02
13,2015,6,31535.9
14,2015,6,14838.0
15,2015,6,96283.24
16,2015,6,71951.86
17,2015,6,65924.22
18,2015,6,48346.28
19,2015,6,23619.64
20,2015,6,25342.08
21,2015,6,32591.26
22,2015,6,5261.0
23,2015,6,30619.38
24,2015,6,53602.78
25,2015,6,48333.0
26,2015,6,86899.8
27,2015,6,33359.76
29,2015,6,6249.92
30,2015,6,51468.94
31,2015,6,18395.92
1,2015,7,73471.32
2,2015,7,142665.56
3,2015,7,64332.54
4,2015,7,134760.08
5,2015,7,35382.82
6,2015,7,43796.92
7,2015,7,52609.0
8,2015,7,23207.04
9,2015,7,54704.82
10,2015,7,132880.2
11,2015,7,12271.84
12,2015,7,8752.64
13,2015,7,53472.56
14,2015,7,50625.04
15,2015,7,106828.52
16,2015,7,127534.96
17,2015,7,64463.78
18,2015,7,125067.56
19,2015,7,3998.0
20,2015,7,29812.7
21,2015,7,30911.0
22,2015,7,11485.66
23,2015,7,118260.1
24,2015,7,62963.96
25,2015,7,40640.8
26,2015,7,68583.74
27,2015,7,16319.0
29,2015,7,72041.02
30,2015,7,140913.71
31,2015,7,1945.0
1,2015,8,89456.36
2,2015,8,68471.62
3,2015,8,14895.48
4,2015,8,114252.2
5,2015,8,42609.65
6,2015,8,227634.74
7,2015,8,256956.3
8,2015,8,58849.6
9,2015,8,27846.18
10,2015,8,88139.74
11,2015,8,29722.18
12,2015,8,31064.1
13,2015,8,34363.84
14,2015,8,35090.0
15,2015,8,88567.54
16,2015,8,279354.02
17,2015,8,54479.96
18,2015,8,7377.28
19,2015,8,8112.46
20,2015,8,38912.24
21,2015,8,54538.46
22,2015,8,38533.68
23,2015,8,42966.0
24,2015,8,151457.68
25,2015,8,101086.5
26,2015,8,52833.96
27,2015,8,46377.5
29,2015,8,41620.24
30,2015,8,13691.58
31,2015,8,26032.82
1,2015,9,71450.54
2,2015,9,79747.34
3,2015,9,6035.64
4,2015,9,16410.72
5,2015,9,17756.22
6,2015,9,28901.42
7,2015,9,116840.32
8,2015,9,60870.02
9,2015,9,46664.48
10,2015,9,83122.61
11,2015,9,66425.4
12,2015,9,43305.8
13,2015,9,229149.36
14,2015,9,42773.0
15,2015,9,19710.0
16,2015,9,57424.36
17,2015,9,41447.7
18,2015,9,75740.04
19,2015,9,996.0
20,2015,9,32695.36
21,2015,9,27924.9
22,2015,9,10064.18
23,2015,9,124881.12
24,2015,9,78679.52
25,2015,9,15318.86
26,2015,9,28382.4
27,2015,9,53476.02
29,2015,9,16756.8
30,2015,9,11737.88
31,2015,9,19923.88
1,2015,10,50953.48
2,2015,10,139746.5
3,2015,10,53266.76
4,2015,10,83919.18
5,2015,10,59635.34
6,2015,10,58247.32
7,2015,10,56976.0
8,2015,10,47028.36
9,2015,10,5211.44
10,2015,10,104979.78
11,2015,10,48444.28
12,2015,10,19569.6
13,2015,10,44068.92
14,2015,10,71140.06
15,2015,10,72978.46
16,2015,10,43032.9
17,2015,10,57799.8
18,2015,10,56138.46
19,2015,10,14660.01
20,2015,10,140786.16
21,2015,10,30636.2
22,2015,10,8573.88
23,2015,10,21178.3
24,2015,10,51028.78
25,2015,10,194697.32
26,2015,10,36242.0
27,2015,10,75369.48
29,2015,10,11057.28
30,2015,10,90911.16
31,2015,10,26260.6
1,2015,11,49687.2
2,2015,11,31880.28
3,2015,11,22959.0
4,2015,11,22834.66
5,2015,11,12003.76
6,2015,11,12987.0
7,2015,11,90837.78
8,2015,11,81503.86
9,2015,11,29862.8
10,2015,11,52025.0
11,2015,11,22070.96
12,2015,11,39752.04
13,2015,11,117474.34
14,2015,11,81581.16
15,2015,11,196611.44
16,2015,11,8949.88
17,2015,11,44524.96
18,2015,11,14097.8
19,2015,11,13492.84
20,2015,11,42615.5
21,2015,11,115933.18
22,2015,11,39887.04
23,2015,11,91857.3
24,2015,11,184856.76
25,2015,11,73981.62
26,2015,11,82188.78
27,2015,11,66106.0
29,2015,11,62083.2
30,2015,11,35197.03
31,2015,11,78942.16
1,2015,12,177348.66
2,2015,12,49339.0
3,2015,12,51280.52
4,2015,12,114304.66
5,2015,12,92048.88
6,2015,12,104481.9
7,2015,12,68874.42
8,2015,12,134422.1
9,2015,12,21253.08
10,2015,12,18312.82
11,2015,12,11800.28
12,2015,12,15799.5
13,2015,12,46626.26
14,2015,12,30538.44
15,2015,12,21990.24
16,2015,12,21980.48
17,2015,12,16895.28
18,2015,12,19032.16
19,2015,12,13731.0
20,2015,12,47987.6
21,2015,12,107555.54
22,2015,12,7641.0
23,2015,12,116776.04
24,2015,12,178895.18
25,2015,12,38264.14
26,2015,12,6471.0
27,2015,12,41511.46
29,2015,12,21952.5
30,2015,12,112906.92
31,2015,12,35056.76
1,2016,1,47634.46
2,2016,1,163185.92
3,2016,1,24632.0
4,2016,1,202971.86
5,2016,1,73455.1
6,2016,1,87847.28
7,2016,1,201309.1
8,2016,1,148337.46
9,2016,1,91961.6
10,2016,1,16051.0
11,2016,1,22189.4
12,2016,1,4234.64
13,2016,1,77101.42
14,2016,1,27814.5
15,2016,1,112873.3
16,2016,1,82729.96
17,2016,1,40714.5
18,2016,1,30149.62
19,2016,1,3530.0
20,2016,1,50642.24
21,2016,1,60532.28
22,2016,1,24801.3
23,2016,1,157000.56
24,2016,1,213675.54
25,2016,1,52518.66
26,2016,1,30468.92
27,2016,1,343360.04
29,2016,1,29493.24
30,2016,1,15301.08
31,2016,1,15558.48
1,2016,2,112784.0
2,2016,2,39945.04
3,2016,2,113676.4
4,2016,2,41553.08
5,2016,2,46981.16
6,2016,2,59118.32
7,2016,2,453554.36
8,2016,2,91884.24
9,2016,2,28383.2
10,2016,2,108453.38
11,2016,2,21690.0
12,2016,2,8799.8
13,2016,2,6552.48
14,2016,2,75016.24
15,2016,2,52889.78
16,2016,2,46397.0
17,2016,2,114998.16
18,2016,2,42420.76
19,2016,2,1120.0
20,2016,2,20161.0
21,2016,2,34434.46
22,2016,2,7658.0
23,2016,2,37022.42
24,2016,2,46778.5
25,2016,2,74320.0
26,2016,2,57298.2
27,2016,2,51524.0
29,2016,2,25716.94
30,2016,2,24320.22
31,2016,2,5930.52
1,2016,3,5081.0
2,2016,3,161811.54
3,2016,3,14137.92
4,2016,3,63306.56
5,2016,3,26007.68
6,2016,3,39564.36
7,2016,3,168171.68
8,2016,3,134248.72
9,2016,3,20304.64
10,2016,3,30164.0
11,2016,3,35079.76
12,2016,3,49276.18
13,2016,3,61758.28
14,2016,3,83392.2
15,2016,3,117802.14
16,2016,3,49317.4
17,2016,3,30829.0
18,2016,3,40100.02
19,2016,3,17638.34
20,2016,3,25681.0
21,2016,3,66671.36
22,2016,3,24672.84
23,2016,3,56825.26
24,2016,3,81694.66
25,2016,3,57024.56
26,2016,3,203514.66
27,2016,3,53177.08
29,2016,3,46852.86
30,2016,3,17895.48
31,2016,3,47656.28
1,2016,4,151818.36
2,2016,4,25270.36
3,2016,4,32639.74
4,2016,4,136470.2
5,2016,4,44762.92
6,2016,4,17117.04
7,2016,4,77489.6
8,2016,4,45630.24
9,2016,4,104090.18
10,2016,4,44350.92
11,2016,4,62770.92
12,2016,4,102634.36
13,2016,4,36581.0
14,2016,4,73001.32
15,2016,4,64631.46
16,2016,4,37660.02
17,2016,4,129109.66
18,2016,4,63493.52
19,2016,4,7070.4
20,2016,4,24988.0
21,2016,4,68804.92
22,2016,4,20353.1
23,2016,4,20561.0
24,2016,4,118941.6
25,2016,4,102186.02
26,2016,4,160737.46
27,2016,4,90449.38
29,2016,4,4683.0
30,2016,4,40964.0
31,2016,4,26361.0
1,2016,5,125948.68
2,2016,5,50115.52
3,2016,5,20153.24
4,2016,5,102343.54
5,2016,5,35519.46
6,2016,5,169961.44
7,2016,5,114478.26
8,2016,5,72291.0
9,2016,5,9003.0
10,2016,5,345292.4
11,2016,5,18209.6
12,2016,5,13952.66
13,2016,5,12904.0
14,2016,5,15238.28
15,2016,5,109405.24
16,2016,5,126415.58
17,2016,5,22352.06
18,2016,5,20547.0
19,2016,5,6250.0
20,2016,5,20671.44
21,2016,5,50401.52
22,2016,5,14549.14
23,2016,5,109438.34
24,2016,5,77621.76
25,2016,5,113765.66
26,2016,5,48484.16
27,2016,5,85023.16
29,2016,5,135116.64
30,2016,5,56640.8
31,2016,5,17623.98
1,2016,6,100081.38
2,2016,6,45339.26
3,2016,6,29979.82
4,2016,6,135772.16
5,2016,6,59088.58
6,2016,6,78893.88
7,2016,6,171475.92
8,2016,6,39337.52
9,2016,6,23257.14
10,2016,6,59037.4
11,2016,6,37276.0
12,2016,6,92899.16
13,2016,6,4863.0
14,2016,6,135859.76
15,2016,6,68625.5
16,2016,6,84581.54
17,2016,6,67603.68
18,2016,6,79327.0
19,2016,6,23878.98
20,2016,6,46271.12
21,2016,6,104848.36
22,2016,6,6198.92
23,2016,6,4685.0
24,2016,6,85690.42
25,2016,6,67935.76
26,2016,6,45335.04
27,2016,6,49678.8
29,2016,6,25355.18
30,2016,6,40775.96
31,2016,6,27790.52
1,2016,7,12588.52
2,2016,7,140080.94
3,2016,7,5047.82
4,2016,7,87148.84
5,2016,7,13503.5
6,2016,7,66377.72
7,2016,7,271913.12
8,2016,7,20753.8
9,2016,7,46852.94
10,2016,7,87108.24
11,2016,7,29379.76
12,2016,7,172421.12
13,2016,7,38704.7
14,2016,7,3651.0
15,2016,7,29328.78
16,2016,7,83673.08
17,2016,7,20144.44
18,2016,7,11133.96
19,2016,7,9266.24
20,2016,7,80892.14
21,2016,7,99515.42
22,2016,7,17746.0
23,2016,7,10885.0
24,2016,7,227106.26
25,2016,7,50826.48
26,2016,7,70620.02
27,2016,7,54119.38
29,2016,7,79776.22
30,2016,7,31726.14
31,2016,7,37054.8
1,2016,8,55543.66
2,2016,8,90954.2
3,2016,8,64780.0
4,2016,8,109016.04
5,2016,8,37784.48
6,2016,8,24401.54
7,2016,8,10662.0
8,2016,8,30755.46
9,2016,8,21990.26
10,2016,8,172485.88
11,2016,8,42878.88
12,2016,8,57472.7
13,2016,8,146004.58
14,2016,8,85969.0
15,2016,8,69061.92
16,2016,8,39640.44
17,2016,8,91600.26
18,2016,8,22896.88
19,2016,8,9228.9
20,2016,8,6856.96
21,2016,8,66044.0
22,2016,8,12512.52
23,2016,8,49590.72
24,2016,8,76024.62
25,2016,8,223518.68
26,2016,8,99271.84
27,2016,8,54870.26
29,2016,8,27616.84
30,2016,8,44430.9
31,2016,8,12952.18
1,2016,9,45362.74
2,2016,9,38419.64
3,2016,9,47244.7
4,2016,9,149493.64
5,2016,9,33001.88
6,2016,9,17535.98
7,2016,9,228115.34
8,2016,9,27394.76
9,2016,9,41618.9
10,2016,9,22859.0
11,2016,9,63321.94
12,2016,9,33707.44
13,2016,9,50688.76
14,2016,9,100136.4
15,2016,9,259319.52
16,2016,9,66306.4
17,2016,9,136981.4
18,2016,9,69919.24
19,2016,9,212.0
20,2016,9,18135.0
21,2016,9,9616.68
22,2016,9,72027.04
23,2016,9,47708.96
24,2016,9,296460.46
25,2016,9,136153.04
26,2016,9,175455.16
27,2016,9,30514.67
29,2016,9,39537.38
30,2016,9,23252.84
31,2016,9,30023.32
1,2016,10,48301.58
2,2016,10,92660.22
3,2016,10,43827.94
4,2016,10,94019.06
5,2016,10,69127.8
6,2016,10,91071.92
7,2016,10,37048.32
8,2016,10,67068.26
9,2016,10,10860.34
10,2016,10,90767.42
11,2016,10,40316.3
12,2016,10,84182.0
13,2016,10,49603.86
14,2016,10,123430.37
15,2016,10,94609.68
16,2016,10,46896.0
17,2016,10,23917.9
18,2016,10,8424.76
19,2016,10,3879.0
20,2016,10,14495.84
21,2016,10,73315.3
22,2016,10,23919.0
23,2016,10,31810.2
24,2016,10,44780.0
25,2016,10,54317.78
26,2016,10,151541.88
27,2016,10,42271.0
29,2016,10,52959.32
30,2016,10,125026.34
31,2016,10,19576.74
1,2016,11,14556.0
2,2016,11,135862.52
3,2016,11,19262.28
4,2016,11,150015.4
5,2016,11,19659.33
6,2016,11,58627.54
7,2016,11,117927.36
8,2016,11,148953.22
9,2016,11,16620.48
10,2016,11,60744.84
11,2016,11,42676.18
12,2016,11,96184.14
13,2016,11,107522.72
14,2016,11,26587.0
15,2016,11,36968.04
16,2016,11,99544.7
17,2016,11,44784.76
18,2016,11,100197.55
19,2016,11,1584.0
20,2016,11,97935.12
21,2016,11,94277.88
22,2016,11,7321.0
23,2016,11,95039.5
24,2016,11,66774.52
25,2016,11,57323.04
26,2016,11,49319.6
27,2016,11,73687.02
29,2016,11,41555.06
30,2016,11,32856.64
31,2016,11,12577.52
1,2016,12,74610.56
2,2016,12,6080.0
3,2016,12,13614.32
4,2016,12,95569.16
5,2016,12,26506.74
6,2016,12,33510.56
7,2016,12,115798.6
8,2016,12,35216.64
9,2016,12,22131.64
10,2016,12,91004.56
11,2016,12,68736.34
12,2016,12,34888.42
13,2016,12,23935.44
14,2016,12,36213.84
15,2016,12,34203.24
16,2016,12,94749.88
17,2016,12,47784.0
18,2016,12,181214.48
19,2016,12,7589.92
20,2016,12,52442.68
21,2016,12,55426.38
22,2016,12,23794.86
23,2016,12,220726.18
24,2016,12,52867.18
25,2016,12,50673.0
26,2016,12,52470.0
27,2016,12,79243.36
29,2016,12,28634.4
30,2016,12,6302.76
31,2016,12,6437.82
1,2017,1,46429.6
2,2017,1,87991.36
3,2017,1,12978.94
4,2017,1,37446.24
5,2017,1,41938.78
6,2017,1,72017.14
7,2017,1,67444.56
8,2017,1,32576.04
9,2017,1,16477.0
10,2017,1,36241.94
11,2017,1,46821.0
12,2017,1,29661.52
13,2017,1,19054.84
14,2017,1,142214.54
15,2017,1,135482.66
16,2017,1,42642.34
17,2017,1,90154.22
18,2017,1,30448.16
19,2017,1,25183.74
20,2017,1,17912.24
21,2017,1,18287.0
22,2017,1,20996.26
23,2017,1,52169.0
24,2017,1,35356.0
25,2017,1,72518.92
26,2017,1,61154.26
27,2017,1,56462.74
29,2017,1,32060.48
30,2017,1,13487.64
31,2017,1,11664.0
1,2017,2,35245.6
2,2017,2,42288.48
3,2017,2,6786.0
4,2017,2,59679.84
5,2017,2,18671.35
6,2017,2,22481.4
7,2017,2,122974.2
8,2017,2,88432.36
9,2017,2,42020.58
10,2017,2,119762.22
11,2017,2,25996.34
12,2017,2,25250.0
13,2017,2,69268.68
14,2017,2,81134.34
15,2017,2,24847.78
16,2017,2,75783.0
17,2017,2,63367.36
18,2017,2,41714.4
19,2017,2,4401.72
20,2017,2,24622.76
21,2017,2,43727.76
22,2017,2,20458.36
23,2017,2,154038.86
24,2017,2,97607.12
25,2017,2,105959.22
26,2017,2,43678.0
27,2017,2,43186.7
29,2017,2,46809.66
30,2017,2,10115.2
31,2017,2,7635.84
1,2017,3,220735.88
2,2017,3,46141.66
3,2017,3,61142.44
4,2017,3,110085.4
5,2017,3,9547.26
6,2017,3,45182.82
7,2017,3,66437.26
8,2017,3,111198.16
9,2017,3,47029.84
10,2017,3,73748.66
11,2017,3,67937.56
12,2017,3,63072.36
13,2017,3,32301.4
14,2017,3,70501.54
15,2017,3,125138.26
16,2017,3,60357.48
17,2017,3,83837.76
18,2017,3,9882.0
19,2017,3,7240.0
20,2017,3,143740.08
21,2017,3,38923.36
22,2017,3,9091.0
23,2017,3,39072.0
24,2017,3,94212.44
25,2017,3,85731.06
26,2017,3,2708.0
27,2017,3,19703.78
29,2017,3,12646.0
30,2017,3,38563.16
31,2017,3,19772.12
1,2017,4,68538.56
2,2017,4,108200.06
3,2017,4,4033.0
4,2017,4,100794.4
5,2017,4,24395.52
6,2017,4,83549.34
7,2017,4,237523.88
8,2017,4,87967.54
9,2017,4,65012.0
10,2017,4,69270.78
11,2017,4,52084.68
12,2017,4,20429.88
13,2017,4,125264.66
14,2017,4,3868.0
15,2017,4,58262.7
16,2017,4,52657.62
17,2017,4,35665.0
18,2017,4,14493.4
19,2017,4,24997.2
20,2017,4,62881.94
21,2017,4,191058.16
22,2017,4,32014.1
23,2017,4,119035.0
24,2017,4,79814.82
25,2017,4,99500.36
26,2017,4,108143.86
27,2017,4,25276.26
29,2017,4,14882.4
30,2017,4,76346.56
31,2017,4,196.0
1,2017,5,84972.32
2,2017,5,105318.84
3,2017,5,69027.4
4,2017,5,40482.32
5,2017,5,26919.24
6,2017,5,38213.76
7,2017,5,184092.96
8,2017,5,109332.48
9,2017,5,6539.72
10,2017,5,57046.32
11,2017,5,68312.16
12,2017,5,133433.7
13,2017,5,20098.64
14,2017,5,19753.0
15,2017,5,9120.0
16,2017,5,43317.02
17,2017,5,133988.04
18,2017,5,15665.64
19,2017,5,6585.0
20,2017,5,6289.24
21,2017,5,46770.84
22,2017,5,13919.22
23,2017,5,90978.24
24,2017,5,71515.02
25,2017,5,25845.0
26,2017,5,71057.5
27,2017,5,58144.96
29,2017,5,20260.0
30,2017,5,64108.86
31,2017,5,13028.14
1,2017,6,36999.44
2,2017,6,102800.26
3,2017,6,56464.5
4,2017,6,51731.56
5,2017,6,10102.54
6,2017,6,144366.0
7,2017,6,86377.04
8,2017,6,53709.4
9,2017,6,21692.0
10,2017,6,79950.38
11,2017,6,33635.22
12,2017,6,95349.52
13,2017,6,82519.6
14,2017,6,17122.66
15,2017,6,71829.98
16,2017,6,51940.14
17,2017,6,17128.12
18,2017,6,87316.0
19,2017,6,2748.0
20,2017,6,104452.5
21,2017,6,14158.76
22,2017,6,24101.0
23,2017,6,43270.0
24,2017,6,72117.12
25,2017,6,25001.06
26,2017,6,38722.56
27,2017,6,60410.18
29,2017,6,38498.66
30,2017,6,37917.66
31,2017,6,29383.92
1,2017,7,25744.74
2,2017,7,41870.24
3,2017,7,15340.2
4,2017,7,174441.66
5,2017,7,25985.98
6,2017,7,22460.0
7,2017,7,168819.7
8,2017,7,58415.72
9,2017,7,130163.24
10,2017,7,110835.4
11,2017,7,34833.02
12,2017,7,104195.6
13,2017,7,109636.0
14,2017,7,56189.76
15,2017,7,36279.56
16,2017,7,91915.96
17,2017,7,110850.44
18,2017,7,92806.9
19,2017,7,20585.0
20,2017,7,16908.32
21,2017,7,40548.0
22,2017,7,26300.06
23,2017,7,102982.0
24,2017,7,47515.18
25,2017,7,45028.0
26,2017,7,81287.38
27,2017,7,50585.68
29,2017,7,8553.68
30,2017,7,44833.64
31,2017,7,17976.12
1,2017,8,42116.4
2,2017,8,87438.7
3,2017,8,3442.0
4,2017,8,145760.16
5,2017,8,103724.18
6,2017,8,122350.58
7,2017,8,84136.0
8,2017,8,63749.84
9,2017,8,10521.48
10,2017,8,84751.2
11,2017,8,30315.5
12,2017,8,50792.36
13,2017,8,7280.44
14,2017,8,26893.0
15,2017,8,153487.5
16,2017,8,43233.6
17,2017,8,48018.0
18,2017,8,57829.04
19,2017,8,9878.66
20,2017,8,23821.52
21,2017,8,95115.4
22,2017,8,15379.36
23,2017,8,120382.0
24,2017,8,100059.96
25,2017,8,109088.12
26,2017,8,29761.94
27,2017,8,63895.54
29,2017,8,33822.12
30,2017,8,19857.88
31,2017,8,22786.56
1,2017,9,87417.58
2,2017,9,28769.66
3,2017,9,25676.44
4,2017,9,69654.52
5,2017,9,116822.12
6,2017,9,12225.96
7,2017,9,142275.46
8,2017,9,60116.84
9,2017,9,17507.9
10,2017,9,39128.6
11,2017,9,44297.68
12,2017,9,42245.3
13,2017,9,42920.96
14,2017,9,20238.4
15,2017,9,42680.36
16,2017,9,13395.54
17,2017,9,78377.44
18,2017,9,995.0
19,2017,9,1368.0
20,2017,9,64113.16
21,2017,9,74410.56
22,2017,9,23856.0
23,2017,9,113368.26
24,2017,9,106000.34
25,2017,9,19575.8
26,2017,9,33830.64
27,2017,9,12788.0
29,2017,9,75531.62
30,2017,9,95915.1
31,2017,9,8015.26
1,2017,10,150007.68
2,2017,10,133714.5
3,2017,10,7474.28
4,2017,10,96878.58
5,2017,10,59426.1
6,2017,10,96019.54
7,2017,10,200598.84
8,2017,10,50876.12
9,2017,10,68430.32
10,2017,10,65756.2
11,2017,10,36366.64
12,2017,10,46739.24
13,2017,10,57274.0
14,2017,10,67051.78
15,2017,10,72834.58
16,2017,10,45942.96
17,2017,10,41110.0
18,2017,10,86083.2
19,2017,10,17567.12
20,2017,10,56281.7
21,2017,10,216616.84
22,2017,10,9003.0
23,2017,10,150262.28
24,2017,10,63436.66
25,2017,10,39846.28
26,2017,10,45082.14
27,2017,10,64897.78
29,2017,10,19899.0
30,2017,10,560201.64
31,2017,10,5339.0
1,2017,11,132511.52
2,2017,11,18255.32
3,2017,11,12577.0
4,2017,11,18690.0
5,2017,11,12428.74
6,2017,11,24824.62
7,2017,11,401681.9
8,2017,11,21190.1
9,2017,11,30748.7
10,2017,11,103396.4
11,2017,11,27420.6
12,2017,11,9173.0
13,2017,11,36735.08
14,2017,11,84816.36
15,2017,11,54922.6
16,2017,11,172790.14
17,2017,11,29951.2
18,2017,11,214988.52
19,2017,11,21004.8
20,2017,11,14170.28
21,2017,11,58700.26
22,2017,11,7238.0
23,2017,11,25966.08
24,2017,11,134816.0
25,2017,11,89207.6
26,2017,11,141498.4
27,2017,11,98387.92
29,2017,11,1567.0
30,2017,11,35509.6
31,2017,11,17447.56
1,2017,12,35201.28
2,2017,12,52754.06
3,2017,12,47271.1
4,2017,12,136090.74
5,2017,12,62035.86
6,2017,12,56775.5
7,2017,12,75846.0
8,2017,12,57647.88
9,2017,12,19160.52
10,2017,12,112058.94
11,2017,12,53043.92
12,2017,12,24788.3
13,2017,12,13557.7
14,2017,12,90396.28
15,2017,12,53201.26
16,2017,12,71758.82
17,2017,12,73232.24
18,2017,12,16083.0
19,2017,12,12556.82
20,2017,12,8121.0
21,2017,12,39304.58
22,2017,12,93719.34
23,2017,12,80224.14
24,2017,12,119426.92
25,2017,12,202189.18
26,2017,12,91149.64
27,2017,12,35312.54
29,2017,12,14525.8
30,2017,12,95806.04
31,2017,12,28029.98
1,2018,1,37992.0
2,2018,1,21483.0
3,2018,1,35383.18
4,2018,1,32463.26
5,2018,1,13380.92
6,2018,1,134690.74
7,2018,1,224621.84
8,2018,1,59257.1
9,2018,1,8797.48
10,2018,1,31800.24
11,2018,1,122977.76
12,2018,1,27816.0
13,2018,1,25483.94
14,2018,1,49619.1
15,2018,1,74779.08
16,2018,1,72386.18
17,2018,1,123096.26
18,2018,1,136919.18
19,2018,1,3331.14
20,2018,1,48310.66
21,2018,1,79448.06
22,2018,1,12895.16
23,2018,1,77851.3
24,2018,1,134839.52
25,2018,1,83056.6
26,2018,1,182951.16
27,2018,1,49549.3
29,2018,1,54959.74
30,2018,1,30694.16
31,2018,1,44125.22
1,2018,2,41289.14
2,2018,2,35611.0
3,2018,2,20223.78
4,2018,2,46595.92
5,2018,2,110133.64
6,2018,2,15667.38
7,2018,2,168318.12
8,2018,2,41239.5
9,2018,2,47313.44
10,2018,2,51041.52
11,2018,2,46133.72
12,2018,2,38729.64
13,2018,2,73635.64
14,2018,2,83684.36
15,2018,2,52600.38
16,2018,2,29271.96
17,2018,2,61204.26
18,2018,2,54963.2
19,2018,2,5050.48
20,2018,2,26678.9
21,2018,2,121566.44
22,2018,2,3056.08
23,2018,2,95784.84
24,2018,2,93285.04
25,2018,2,10772.0
26,2018,2,103422.02
27,2018,2,15749.94
29,2018,2,14004.54
30,2018,2,31644.96
31,2018,2,26889.68
1,2018,3,9404.0
2,2018,3,61199.12
3,2018,3,53651.56
4,2018,3,64083.62
5,2018,3,34514.96
6,2018,3,47568.98
7,2018,3,42001.62
8,2018,3,47761.96
9,2018,3,30274.3
10,2018,3,89604.54
11,2018,3,28238.76
12,2018,3,191122.76
13,2018,3,69149.16
14,2018,3,18793.76
15,2018,3,60242.84
16,2018,3,46200.88
17,2018,3,126948.72
18,2018,3,110189.12
19,2018,3,2882.0
20,2018,3,21891.12
21,2018,3,27515.0
22,2018,3,23506.64
23,2018,3,96871.28
24,2018,3,56749.06
25,2018,3,102025.76
26,2018,3,52117.12
27,2018,3,45951.34
29,2018,3,30114.96
30,2018,3,9889.08
31,2018,3,10423.18
1,2018,4,116062.8
2,2018,4,265259.9
3,2018,4,26484.0
4,2018,4,197295.22
5,2018,4,34918.24
6,2018,4,56523.38
7,2018,4,169184.94
8,2018,4,26763.5
9,2018,4,11044.96
10,2018,4,82147.4
11,2018,4,13709.1
12,2018,4,15952.75
13,2018,4,42478.48
14,2018,4,90034.96
15,2018,4,103149.2
16,2018,4,108531.24
17,2018,4,83902.38
18,2018,4,49280.74
19,2018,4,4636.38
20,2018,4,15522.46
21,2018,4,51339.08
22,2018,4,2796.0
23,2018,4,91383.0
24,2018,4,45879.56
25,2018,4,68631.38
26,2018,4,57654.6
27,2018,4,56529.66
29,2018,4,66040.92
30,2018,4,157572.76
31,2018,4,18369.24
1,2018,5,83594.64
2,2018,5,114189.18
3,2018,5,87074.78
4,2018,5,166077.0
5,2018,5,17222.6
6,2018,5,52375.04
7,2018,5,44911.38
8,2018,5,61009.0
9,2018,5,34599.16
10,2018,5,47340.52
11,2018,5,11751.28
12,2018,5,27904.24
13,2018,5,50131.42
14,2018,5,21151.02
15,2018,5,74116.6
16,2018,5,41537.0
17,2018,5,25057.84
18,2018,5,64279.48
19,2018,5,4906.92
20,2018,5,89539.06
21,2018,5,34208.22
22,2018,5,22078.5
23,2018,5,91744.12
24,2018,5,59697.58
25,2018,5,257890.02
26,2018,5,94953.96
27,2018,5,4880.0
29,2018,5,11837.52
30,2018,5,53398.26
31,2018,5,20268.62
1,2018,6,214129.04
2,2018,6,40045.96
3,2018,6,31062.52
4,2018,6,58881.08
5,2018,6,86559.1
6,2018,6,24907.58
7,2018,6,53535.38
8,2018,6,59631.86
9,2018,6,31523.56
10,2018,6,102213.3
11,2018,6,12184.54
12,2018,6,180136.5
13,2018,6,25375.36
14,2018,6,166212.18
15,2018,6,96095.36
16,2018,6,62130.36
17,2018,6,64631.76
18,2018,6,137327.26
19,2018,6,4682.0
20,2018,6,41218.0
21,2018,6,37078.44
22,2018,6,18241.57
23,2018,6,59148.54
24,2018,6,14979.0
25,2018,6,78022.48
26,2018,6,74687.42
27,2018,6,54256.66
29,2018,6,34014.1
30,2018,6,56987.09
31,2018,6,24124.2
1,2018,7,62645.68
2,2018,7,43171.64
3,2018,7,17104.1
4,2018,7,30684.14
5,2018,7,32797.28
6,2018,7,26687.4
7,2018,7,147082.62
8,2018,7,58474.98
9,2018,7,22851.4
10,2018,7,82379.84
11,2018,7,68463.28
12,2018,7,39357.36
13,2018,7,12261.76
14,2018,7,19002.92
15,2018,7,90490.72
16,2018,7,58265.94
17,2018,7,19717.92
18,2018,7,47198.32
19,2018,7,16201.34
20,2018,7,39473.36
21,2018,7,83170.6
22,2018,7,31826.0
23,2018,7,27183.6
24,2018,7,57730.5
25,2018,7,55966.58
26,2018,7,32655.4
27,2018,7,36927.94
29,2018,7,6585.14
30,2018,7,85236.6
31,2018,7,26711.0
1,2018,8,75225.08
2,2018,8,8154.56
3,2018,8,39894.06
4,2018,8,127352.8
5,2018,8,34340.24
6,2018,8,48067.47
7,2018,8,97505.58
8,2018,8,93986.4
9,2018,8,46021.68
10,2018,8,217140.5
11,2018,8,33856.44
12,2018,8,82499.3
13,2018,8,154129.06
14,2018,8,50408.2
15,2018,8,51038.64
16,2018,8,116534.0
17,2018,8,90566.24
18,2018,8,43957.62
19,2018,8,2874.0
20,2018,8,78407.78
21,2018,8,16468.96
22,2018,8,15431.92
23,2018,8,103927.92
24,2018,8,30414.28
25,2018,8,117968.28
26,2018,8,32188.6
27,2018,8,101896.8
29,2018,8,7641.84
30,2018,8,38786.46
31,2018,8,12993.52
1,2018,9,46928.68
2,2018,9,28508.0
3,2018,9,33656.96
4,2018,9,73167.14
5,2018,9,19733.74
6,2018,9,38573.49
7,2018,9,149599.28
8,2018,9,33662.54
9,2018,9,35359.58
10,2018,9,78824.9
11,2018,9,32095.0
12,2018,9,65025.93
13,2018,9,21208.26
14,2018,9,100253.0
15,2018,9,96837.24
16,2018,9,14918.0
17,2018,9,21151.24
18,2018,9,71809.1
19,2018,9,8199.22
20,2018,9,58434.3
21,2018,9,66449.36
22,2018,9,24491.36
23,2018,9,66190.1
24,2018,9,79272.82
25,2018,9,98238.0
26,2018,9,30962.56
27,2018,9,2190.18
29,2018,9,28209.9
30,2018,9,61830.02
31,2018,9,26080.86
1,2018,10,240026.94
2,2018,10,96819.4
3,2018,10,12205.28
4,2018,10,115105.9
5,2018,10,14080.2
6,2018,10,26327.32
7,2018,10,60570.2
8,2018,10,7183.62
9,2018,10,39980.94
10,2018,10,50705.94
11,2018,10,37434.78
12,2018,10,30009.4
13,2018,10,12789.74
14,2018,10,18913.46
15,2018,10,89659.5
16,2018,10,57503.24
17,2018,10,10672.1
18,2018,10,26367.58
19,2018,10,4828.0
20,2018,10,45227.1
21,2018,10,72791.82
22,2018,10,14034.0
23,2018,10,79887.0
24,2018,10,134835.32
25,2018,10,84453.0
26,2018,10,83803.0
27,2018,10,39095.56
29,2018,10,47070.06
30,2018,10,13215.3
31,2018,10,98546.64
1,2018,11,127867.0
2,2018,11,64314.0
3,2018,11,36426.94
4,2018,11,121463.68
5,2018,11,108374.7
6,2018,11,8529.84
7,2018,11,342124.26
8,2018,11,85399.42
9,2018,11,24349.46
10,2018,11,240744.64
11,2018,11,45055.16
12,2018,11,6675.6
13,2018,11,35400.12
14,2018,11,29087.28
15,2018,11,72056.5
16,2018,11,16409.8
17,2018,11,113826.78
18,2018,11,10691.84
19,2018,11,2000.0
20,2018,11,24142.48
21,2018,11,37234.0
22,2018,11,8629.16
23,2018,11,85735.2
24,2018,11,10711.0
25,2018,11,72623.74
26,2018,11,23874.32
27,2018,11,101130.0
29,2018,11,11777.68
30,2018,11,50753.96
31,2018,11,36151.44
1,2018,12,140861.38
2,2018,12,39575.26
3,2018,12,35913.32
4,2018,12,55740.26
5,2018,12,53911.62
6,2018,12,26150.12
7,2018,12,189051.72
8,2018,12,24622.44
9,2018,12,18678.0
10,2018,12,15591.66
11,2018,12,21994.34
12,2018,12,29008.72
13,2018,12,24005.18
14,2018,12,26626.08
15,2018,12,55855.7
16,2018,12,14514.16
17,2018,12,13616.12
18,2018,12,20138.34
19,2018,12,1383.0
20,2018,12,37241.0
21,2018,12,35408.4
22,2018,12,33452.6
23,2018,12,20228.8
24,2018,12,12870.0
25,2018,12,118464.54
26,2018,12,30854.92
27,2018,12,92547.54
29,2018,12,6753.0
30,2018,12,76730.48
31,2018,12,36216.0
1,2019,1,61463.42
2,2019,1,238509.86
3,2019,1,16234.24
4,2019,1,195211.06
5,2019,1,19298.0
6,2019,1,39802.7
7,2019,1,149066.96
8,2019,1,21174.0
9,2019,1,61655.28
10,2019,1,143996.24
11,2019,1,19321.84
12,2019,1,96438.26
13,2019,1,75862.66
14,2019,1,15136.84
15,2019,1,88482.0
16,2019,1,88990.1
17,2019,1,21462.84
18,2019,1,51621.32
19,2019,1,3549.0
20,2019,1,49831.98
21,2019,1,63860.0
22,2019,1,15775.14
23,2019,1,90772.84
24,2019,1,81442.62
25,2019,1,120281.76
26,2019,1,62736.92
27,2019,1,103597.92
29,2019,1,16994.58
30,2019,1,31630.94
31,2019,1,27443.0
1,2019,2,100099.58
2,2019,2,139197.54
3,2019,2,22398.76
4,2019,2,95402.52
5,2019,2,21524.0
6,2019,2,45232.96
7,2019,2,151924.0
8,2019,2,51093.76
9,2019,2,39293.0
10,2019,2,169970.56
11,2019,2,21281.0
12,2019,2,106511.28
13,2019,2,30961.0
14,2019,2,69430.8
15,2019,2,47642.64
16,2019,2,15432.18
17,2019,2,59315.2
18,2019,2,36291.36
19,2019,2,13808.76
20,2019,2,37043.0
21,2019,2,58347.76
22,2019,2,31739.3
23,2019,2,77285.9
24,2019,2,108220.04
25,2019,2,24517.62
26,2019,2,204994.88
27,2019,2,65407.44
29,2019,2,46092.48
30,2019,2,18807.0
31,2019,2,28841.52
1,2019,3,39751.0
2,2019,3,48262.3
3,2019,3,40236.18
4,2019,3,237564.72
5,2019,3,48859.56
6,2019,3,53116.02
7,2019,3,61545.28
8,2019,3,49980.16
9,2019,3,29886.94
10,2019,3,60922.82
11,2019,3,8586.66
12,2019,3,49884.44
13,2019,3,105260.52
14,2019,3,62889.1
15,2019,3,34899.9
16,2019,3,5560.0
17,2019,3,21425.4
18,2019,3,33016.0
19,2019,3,1673.0
20,2019,3,40695.14
21,2019,3,94309.1
22,2019,3,24917.8
23,2019,3,135322.36
24,2019,3,46047.18
25,2019,3,175730.78
26,2019,3,25028.6
27,2019,3,31492.72
29,2019,3,11098.28
30,2019,3,47295.0
31,2019,3,36188.58
1,2019,4,88409.34
2,2019,4,57638.9
3,2019,4,22713.62
4,2019,4,14849.72
5,2019,4,48344.12
6,2019,4,80095.12
7,2019,4,121450.8
8,2019,4,94070.26
9,2019,4,22921.84
10,2019,4,98027.2
11,2019,4,27640.56
12,2019,4,32578.76
13,2019,4,70595.34
14,2019,4,51088.06
15,2019,4,4266.0
16,2019,4,43547.5
17,2019,4,179774.8
18,2019,4,43461.44
19,2019,4,4170.0
20,2019,4,30081.0
21,2019,4,44567.7
22,2019,4,28073.96
23,2019,4,57889.9
24,2019,4,86944.7
25,2019,4,43941.08
26,2019,4,39139.94
27,2019,4,84795.83
29,2019,4,28925.0
30,2019,4,34826.8
31,2019,4,14263.68
1,2019,5,29223.0
2,2019,5,51496.4
3,2019,5,20307.04
4,2019,5,88542.2
5,2019,5,6869.0
6,2019,5,34266.2
7,2019,5,100819.18
8,2019,5,28840.8
9,2019,5,14735.44
10,2019,5,207216.0
11,2019,5,17569.52
12,2019,5,52830.04
13,2019,5,28876.2
14,2019,5,80311.62
15,2019,5,35523.5
16,2019,5,55473.7
17,2019,5,75840.94
18,2019,5,21361.48
19,2019,5,3039.4
20,2019,5,47396.34
21,2019,5,52877.18
22,2019,5,60385.18
23,2019,5,58652.4
24,2019,5,72299.68
25,2019,5,63510.18
26,2019,5,71557.16
27,2019,5,39021.4
29,2019,5,1305.0
30,2019,5,46755.28
31,2019,5,11007.68
1,2019,6,42406.4
2,2019,6,138131.7
3,2019,6,32071.3
4,2019,6,83367.42
5,2019,6,38251.12
6,2019,6,80109.16
7,2019,6,70821.3
8,2019,6,28051.96
9,2019,6,9467.18
10,2019,6,76593.2
11,2019,6,39261.18
12,2019,6,30119.7
13,2019,6,65421.34
14,2019,6,103473.0
15,2019,6,76816.0
16,2019,6,16127.6
17,2019,6,39505.68
18,2019,6,106185.78
19,2019,6,8007.0
20,2019,6,101739.72
21,2019,6,55103.1
22,2019,6,4788.0
23,2019,6,130590.24
24,2019,6,96687.24
25,2019,6,67656.8
26,2019,6,45464.58
27,2019,6,42591.5
29,2019,6,57103.6
30,2019,6,87692.54
31,2019,6,43456.2
1,2019,7,86862.98
2,2019,7,63842.9
3,2019,7,35367.32
4,2019,7,17154.56
5,2019,7,8920.0
6,2019,7,92741.96
7,2019,7,23219.0
8,2019,7,59789.36
9,2019,7,33684.36
10,2019,7,39463.02
11,2019,7,46122.9
12,2019,7,16909.6
13,2019,7,94323.2
14,2019,7,82987.94
15,2019,7,62307.6
16,2019,7,22357.0
17,2019,7,36213.82
18,2019,7,55535.36
19,2019,7,3642.64
20,2019,7,106381.82
21,2019,7,61809.1
22,2019,7,11041.38
23,2019,7,47894.52
24,2019,7,86300.16
25,2019,7,167737.1
26,2019,7,81455.32
27,2019,7,112728.3
29,2019,7,26321.96
30,2019,7,29427.36
31,2019,7,45333.16
1,2019,8,147096.18
2,2019,8,99927.6
3,2019,8,12037.36
4,2019,8,77629.06
5,2019,8,35156.42
6,2019,8,46016.74
7,2019,8,90609.2
8,2019,8,30935.88
9,2019,8,33314.48
10,2019,8,60066.42
11,2019,8,6545.6
12,2019,8,57754.96
13,2019,8,12891.48
14,2019,8,129585.5
15,2019,8,104510.06
16,2019,8,111646.48
17,2019,8,45859.48
18,2019,8,38564.26
19,2019,8,8893.84
20,2019,8,48299.16
21,2019,8,61281.0
22,2019,8,6333.0
23,2019,8,165383.98
24,2019,8,69035.9
25,2019,8,55391.24
26,2019,8,77942.66
27,2019,8,145352.38
29,2019,8,13617.0
30,2019,8,14439.36
31,2019,8,34347.52
1,2019,9,67361.72
2,2019,9,76813.5
3,2019,9,15908.8
4,2019,9,174949.36
5,2019,9,14222.52
6,2019,9,32038.42
7,2019,9,239630.34
8,2019,9,47356.02
9,2019,9,31144.64
10,2019,9,17718.66
11,2019,9,30754.22
12,2019,9,9018.04
13,2019,9,59344.78
14,2019,9,29582.14
15,2019,9,31364.0
16,2019,9,43194.8
17,2019,9,196192.2
18,2019,9,60470.1
19,2019,9,13539.52
20,2019,9,25764.26
21,2019,9,95931.84
22,2019,9,14041.52
23,2019,9,117455.38
24,2019,9,221122.04
25,2019,9,77273.6
26,2019,9,137865.2
27,2019,9,64306.18
29,2019,9,151839.36
30,2019,9,26841.0
31,2019,9,66705.8
1,2019,10,29772.92
2,2019,10,43328.16
3,2019,10,40643.86
4,2019,10,15193.0
5,2019,10,23515.76
6,2019,10,82954.2
7,2019,10,43405.86
8,2019,10,22967.0
9,2019,10,20287.7
10,2019,10,22655.7
11,2019,10,59918.74
12,2019,10,76142.58
13,2019,10,58963.22
14,2019,10,13133.7
15,2019,10,51923.96
16,2019,10,105847.44
17,2019,10,95453.98
18,2019,10,59332.68
19,2019,10,6347.62
20,2019,10,15277.58
21,2019,10,59447.48
22,2019,10,41836.26
23,2019,10,86341.28
24,2019,10,96373.32
25,2019,10,91886.62
26,2019,10,81599.94
27,2019,10,5710.68
29,2019,10,30926.0
30,2019,10,54527.68
31,2019,10,23310.36
1,2019,11,83600.24
2,2019,11,62128.76
3,2019,11,25992.52
4,2019,11,88460.24
5,2019,11,26189.9
6,2019,11,39010.14
7,2019,11,356253.42
8,2019,11,53686.0
9,2019,11,30713.43
10,2019,11,155891.04
11,2019,11,18812.88
12,2019,11,16507.6
13,2019,11,30596.94
14,2019,11,81253.54
15,2019,11,31155.22
16,2019,11,48875.48
17,2019,11,33298.76
18,2019,11,79673.36
20,2019,11,10580.84
21,2019,11,23034.0
22,2019,11,22823.22
23,2019,11,43821.76
24,2019,11,150436.48
25,2019,11,97703.0
26,2019,11,104789.9
27,2019,11,49085.76
29,2019,11,41209.0
30,2019,11,15223.8
31,2019,11,114678.4
1,2019,12,123688.74
2,2019,12,175447.74
3,2019,12,23268.4
4,2019,12,27240.8
5,2019,12,15066.4
6,2019,12,62586.5
7,2019,12,114219.7
8,2019,12,53057.74
9,2019,12,16241.02
10,2019,12,56134.64
11,2019,12,10288.8
12,2019,12,33077.8
13,2019,12,129873.54
14,2019,12,24979.32
15,2019,12,155399.1
16,2019,12,13536.0
17,2019,12,124323.7
18,2019,12,38327.2
19,2019,12,9221.84
20,2019,12,13991.34
21,2019,12,27108.82
22,2019,12,34063.9
23,2019,12,137971.34
24,2019,12,65695.66
25,2019,12,74390.64
26,2019,12,36463.0
27,2019,12,14212.88
29,2019,12,17360.92
30,2019,12,62413.04
31,2019,12,27248.05
1,2020,1,149632.34
2,2020,1,155424.46
3,2020,1,127888.72
4,2020,1,62856.0
5,2020,1,51810.26
6,2020,1,40920.52
7,2020,1,312781.76
8,2020,1,192315.36
9,2020,1,49403.74
10,2020,1,130197.2
11,2020,1,68510.9
12,2020,1,84616.02
13,2020,1,53095.86
14,2020,1,99937.44
15,2020,1,117844.34
16,2020,1,55096.84
17,2020,1,34319.54
18,2020,1,98854.1
19,2020,1,8309.0
20,2020,1,235951.32
21,2020,1,75182.04
22,2020,1,67435.22
23,2020,1,85584.68
24,2020,1,134190.38
25,2020,1,281041.1
26,2020,1,130548.18
27,2020,1,119642.62
29,2020,1,26423.0
30,2020,1,59358.58
31,2020,1,42518.88
1,2020,2,224557.1
2,2020,2,135656.64
3,2020,2,64333.08
4,2020,2,89640.4
5,2020,2,94175.02
6,2020,2,69920.4
7,2020,2,349484.0
8,2020,2,140897.3
9,2020,2,123378.26
10,2020,2,81360.08
11,2020,2,56678.5
12,2020,2,75875.89
13,2020,2,59269.5
14,2020,2,26796.82
15,2020,2,120920.96
16,2020,2,90573.62
17,2020,2,285978.3
18,2020,2,100303.42
19,2020,2,9209.1
20,2020,2,101820.04
21,2020,2,40013.26
22,2020,2,36335.58
23,2020,2,168275.98
24,2020,2,148870.02
25,2020,2,217202.96
26,2020,2,79147.16
27,2020,2,186775.46
29,2020,2,34745.12
30,2020,2,48308.88
31,2020,2,32983.32
1,2020,3,248435.6
2,2020,3,81162.8
3,2020,3,86260.32
4,2020,3,135740.56
5,2020,3,29015.06
6,2020,3,53336.4
7,2020,3,232564.3
8,2020,3,105260.84
9,2020,3,167174.68
10,2020,3,306216.08
11,2020,3,49672.28
12,2020,3,84755.48
13,2020,3,18455.42
14,2020,3,36509.38
15,2020,3,70780.76
16,2020,3,74705.8
17,2020,3,82697.22
18,2020,3,100892.96
19,2020,3,10551.92
20,2020,3,120963.7
21,2020,3,125817.82
22,2020,3,14590.14
23,2020,3,46308.42
24,2020,3,223848.76
25,2020,3,99478.5
26,2020,3,142317.78
27,2020,3,102057.78
29,2020,3,29851.44
30,2020,3,92165.86
31,2020,3,75157.88
1,2020,4,87884.22
2,2020,4,245440.12
3,2020,4,40203.48
4,2020,4,119465.04
5,2020,4,20148.84
6,2020,4,56692.1
7,2020,4,88242.82
8,2020,4,67446.94
9,2020,4,115092.14
10,2020,4,306009.72
11,2020,4,30815.76
12,2020,4,92973.42
13,2020,4,51286.78
14,2020,4,74721.38
15,2020,4,178486.84
16,2020,4,59619.29
17,2020,4,142366.98
18,2020,4,87034.3
19,2020,4,4261.5
20,2020,4,87071.4
21,2020,4,122789.6
22,2020,4,36427.2
23,2020,4,113221.58
24,2020,4,125506.42
25,2020,4,214537.5
26,2020,4,98076.38
27,2020,4,74755.48
29,2020,4,56279.5
30,2020,4,126390.66
31,2020,4,34610.62
1,2020,5,145727.66
2,2020,5,130505.3
3,2020,5,48530.06
4,2020,5,126678.15
5,2020,5,70784.9
6,2020,5,108404.46
7,2020,5,358626.58
8,2020,5,163469.24
9,2020,5,26113.76
10,2020,5,84794.0
11,2020,5,83887.26
12,2020,5,24189.82
13,2020,5,41333.52
14,2020,5,55835.48
15,2020,5,90572.68
16,2020,5,158656.48
17,2020,5,128959.94
18,2020,5,168849.92
19,2020,5,30302.72
20,2020,5,54602.26
21,2020,5,49758.92
22,2020,5,38234.34
23,2020,5,168552.44
24,2020,5,166230.02
25,2020,5,142182.4
26,2020,5,388331.72
27,2020,5,73129.6
29,2020,5,27833.58
30,2020,5,41668.04
31,2020,5,39995.1
1,2020,6,47950.04
2,2020,6,123557.46
3,2020,6,79936.64
4,2020,6,81769.7
5,2020,6,66395.22
6,2020,6,35407.36
7,2020,6,72760.56
8,2020,6,70108.7
9,2020,6,34375.9
10,2020,6,42772.78
11,2020,6,81347.78
12,2020,6,17996.76
13,2020,6,41056.4
14,2020,6,49168.34
15,2020,6,69776.46
16,2020,6,41087.28
17,2020,6,45860.58
18,2020,6,58387.82
19,2020,6,80747.56
20,2020,6,41289.04
21,2020,6,29538.82
22,2020,6,31157.62
23,2020,6,39587.16
24,2020,6,85629.72
25,2020,6,46226.54
26,2020,6,107101.9
27,2020,6,20833.98
29,2020,6,70366.88
30,2020,6,60615.9
31,2020,6,24715.98
1,2020,7,130726.36
2,2020,7,57580.96
3,2020,7,122147.76
4,2020,7,44138.94
5,2020,7,82878.52
6,2020,7,74287.9
7,2020,7,102767.62
8,2020,7,102798.14
9,2020,7,28835.88
10,2020,7,65212.3
11,2020,7,95736.26
12,2020,7,23258.34
13,2020,7,60773.18
14,2020,7,108734.24
15,2020,7,102385.04
16,2020,7,57801.36
17,2020,7,61277.6
18,2020,7,29350.92
19,2020,7,58766.7
20,2020,7,152803.08
21,2020,7,91227.1
22,2020,7,52133.6
23,2020,7,83451.36
24,2020,7,89694.64
25,2020,7,68071.4
26,2020,7,78584.44
27,2020,7,58372.64
29,2020,7,68814.7
30,2020,7,62440.64
31,2020,7,37174.58
1,2020,8,11091.78
2,2020,8,26902.56
3,2020,8,50241.06
4,2020,8,50671.7
5,2020,8,19358.62
6,2020,8,13676.62
7,2020,8,41103.03
8,2020,8,30467.78
9,2020,8,15110.76
10,2020,8,17750.0
11,2020,8,15985.57
12,2020,8,24172.24
13,2020,8,20907.58
14,2020,8,24599.83
15,2020,8,22440.62
16,2020,8,28500.68
17,2020,8,25298.58
18,2020,8,14614.18
19,2020,8,37272.28
20,2020,8,12623.0
21,2020,8,12066.18
22,2020,8,15798.24
23,2020,8,14732.26
24,2020,8,22585.14
25,2020,8,28359.32
26,2020,8,22799.48
27,2020,8,48643.48
29,2020,8,39395.06
30,2020,8,12297.48
31,2020,8,29956.92
1,2020,9,157580.8
2,2020,9,117536.84
3,2020,9,337855.97
4,2020,9,68463.44
5,2020,9,62139.26
6,2020,9,136541.4
7,2020,9,186632.76
8,2020,9,65445.0
9,2020,9,47160.68
10,2020,9,151551.58
11,2020,9,142263.82
12,2020,9,77530.26
13,2020,9,77160.99
14,2020,9,141547.82
15,2020,9,126831.68
16,2020,9,64166.6
17,2020,9,77568.26
18,2020,9,74441.28
19,2020,9,67121.06
20,2020,9,77522.62
21,2020,9,47009.86
22,2020,9,64030.32
23,2020,9,131677.84
24,2020,9,138215.52
25,2020,9,133391.48
26,2020,9,115362.56
27,2020,9,122252.7
29,2020,9,66139.42
30,2020,9,67286.28
31,2020,9,54091.58
1,2020,10,45298.36
2,2020,10,45108.4
3,2020,10,82293.52
4,2020,10,31334.44
5,2020,10,52328.46
6,2020,10,48859.88
7,2020,10,57944.14
8,2020,10,30836.18
9,2020,10,8076.0
10,2020,10,60514.86
11,2020,10,30443.12
12,2020,10,26408.2
13,2020,10,21286.0
14,2020,10,94644.8
15,2020,10,49599.42
16,2020,10,26880.72
17,2020,10,22097.98
18,2020,10,80855.42
19,2020,10,23346.96
20,2020,10,15401.52
21,2020,10,41685.82
22,2020,10,30322.52
23,2020,10,37431.02
24,2020,10,52388.77
25,2020,10,64561.28
26,2020,10,52177.72
27,2020,10,13241.26
29,2020,10,35625.88
30,2020,10,18593.96
31,2020,10,92328.0
1,2020,11,83204.92
2,2020,11,46722.74
3,2020,11,173864.46
4,2020,11,40053.36
5,2020,11,70707.82
6,2020,11,96534.06
7,2020,11,76720.24
8,2020,11,36238.34
9,2020,11,21186.58
10,2020,11,44897.68
11,2020,11,79299.18
12,2020,11,37256.3
13,2020,11,24282.04
14,2020,11,70495.64
15,2020,11,227083.62
16,2020,11,38829.74
17,2020,11,21963.38
18,2020,11,49114.24
19,2020,11,21077.64
20,2020,11,31666.42
21,2020,11,34378.34
22,2020,11,46355.6
23,2020,11,53349.98
24,2020,11,32336.48
25,2020,11,122869.44
26,2020,11,79783.88
27,2020,11,55786.64
29,2020,11,57179.86
30,2020,11,36925.46
31,2020,11,27344.76
1,2020,12,49920.98
2,2020,12,39437.16
3,2020,12,22907.22
4,2020,12,92273.36
5,2020,12,20074.36
6,2020,12,57887.78
7,2020,12,53541.14
8,2020,12,24008.16
9,2020,12,7122.08
10,2020,12,16631.84
11,2020,12,18928.04
12,2020,12,22149.42
13,2020,12,51507.1
14,2020,12,63546.16
15,2020,12,21888.76
16,2020,12,41847.84
17,2020,12,31763.12
18,2020,12,28294.62
19,2020,12,54651.44
20,2020,12,38736.42
21,2020,12,16436.36
22,2020,12,25882.64
23,2020,12,39377.7
24,2020,12,29985.18
25,2020,12,25436.12
26,2020,12,40260.82
27,2020,12,46034.38
29,2020,12,21805.78
30,2020,12,16226.52
31,2020,12,27765.22
